﻿Designator,Footprint,Quantity,Value,LCSC Part #
A1,Arduino_Nano,1,Arduino_Nano_v3.x,
C1,1206,1,22uF,
C2,1206,1,47uF,
D1,D_SMA_Handsoldering,1,SS14,
L1,L_Bourns_SRN6045TA,1,68uH,
"Q1, Q2, Q3, Q4, Q5, Q6, Q7",SOT-23_Handsoldering,7,2N7002,
"R1, R2, R3, R4, R5, R6, R7, R8",1206,8,???,
"R10, R11, R12, R13, R14, R17, R9",1206,7,1k,
"R15, R16",1206,2,1R,
U1,CONN-TH_4P-P8.50_MX8500-8.5-04P-GN01-CU-S-A,1,MX8500-8.5-04P-BK01-CU-S-A,C5188508
U2,SOIC-8_L5.0-W4.0-P1.27-LS6.0-BL,1,XL1509-5.0E1,C61063
